name,price
木里木器·木作DIY·团建手作,￥292
新趣班·DIY流麻·捏捏乐·流沙牌尺,￥110
Very cute怪可爱潮玩DIY手作·tufting·团建,￥208
UDOU优豆手作,￥61
Ms.Sue秘术工匠银饰DIY(正大广场店),￥278
Nook Art香水·香薰·奶油胶·多巴胺DIY(中山公园店),￥130
乐玩陶艺油画·Tufting·银饰(中山公园店),￥119
1的n次方手工编织工作室,￥215
鹿王兮·Tufting·多巴胺系列·手作集合店(第一百货店...,￥206
奇遇森林手工·烘焙·礼品·团建,￥107
Ms.Sue秘术工匠银饰DIY(人广来福士店),￥274
Ms.Sue秘术工匠银饰DIY(美罗城店),￥264
十亩心田DIY·应援扇·捏捏乐·团建定制,￥73
里尔手作·银饰·烧玻璃·Tufting团建(宝龙广场店),￥188
乐玩陶艺油画·银饰·团建(淮海路店),￥91
为了手作工作室,￥145
满庭芳·手作·团建派对定制DIY,￥175
悠时光DIY·银饰·Tufting打毛线·团建(环球港店),￥126
子曰·陶艺陶社(田子坊店),￥156
Ch2次方首饰艺术工作室(五角场店),￥126
Tufting毛线工坊(静安寺店),￥236
别处艺术·玻璃·陶艺·Tufting,￥208
Queen Wait 自然花园(环贸店),￥266
24/7DIY手作工作室,￥103
潮好玩DIY手作馆,￥109
魔法水晶DIY工作坊,￥180
奶油小熊DIY手作·奶油胶·绘画石膏·珍珠开蚌,￥50
宇宙出逃DIY手作·烘焙甜品·香薰蜡烛·奶油胶,￥117
燥星星Tufting毛线工坊·手作DIY·奶油胶,￥83
一克炼金室·银饰DIY専門店(人民广场店),￥167
留梨琉璃·灯工玻璃DIY工作室(环贸店),￥301
Ly Serendipity香薰蜡烛DIY·团建·礼品,￥135
橙蓝手作·银饰·调香·tufting团建,￥94
遇见·陶艺·团建(第一百货店),￥172
一间画室DIY手作店·Tufting,￥146
尊嘟熊RealBear自制玩偶,￥100
乐玩陶艺油画·银饰·流体熊·团建(徐家汇店),￥105
ScopeArts·手绘·DIY.艺术体验,￥205
XQ陶艺银饰玻璃DIY团建(爱琴海店),￥189
Perlart手作理想国·手工串珠·绕线·刺绣·首饰DIY,￥291
Try to do 奶油胶·流麻·DIY团建(莘庄店),￥75
优加手作青工坊·tufting·羊毛毡·团建(陆家嘴店),￥169
和猫咪一起玩皮·手工皮具团建,￥280
COOK&BOOK烘焙料理DIY体验·节日团建(芮欧百货店),￥314
夕·趣手作(满天星生活广场店),￥107
拾光里DIY工作室·珍珠开蚌·香水·团建定制(复旦店),￥138
Good猫泥·陶艺工作室,￥192
好好笑HaoHaoLaugh,￥73
趣玩YA手作DIY·团建策划(之俊大厦店),￥90
M.Y. Lab 木艺实验室(东风商务园区店),￥283
晌木时光·木工·银戒·TuftingDIY工作室,￥226
贝贝烘焙Diy蛋糕定制(松江万达店),￥82
陌冶手作·陶艺DIY·绘画·tufting打毛线·团建,￥164
無名室·DIY造物坊·团建·礼物,￥146
21手作DIY银饰·玉雕·编绳,￥134
安鲸造物·陶艺·玻璃银饰·香薰蜡烛(淮海中路店),￥222
Farden法布尔花园(蟠龙天地店),￥232
拾光里·手工DIY·团建派对定制·珍珠开蚌·香水(周浦...,￥164
如一工社·团建·DIY银饰·陶艺(松江大学城店),￥188
乐玩陶艺·油画·银饰·团建(世纪大道店),￥132
猛犸手作·皮具·diy团建·礼品定制(静安寺店),￥391
PUPU WORKSHOP噗噗手作·团建·tufting·肌理画,￥167
爱乐陶艺·油画·银饰团建(田子坊店),￥104
彼得潘手作·团建·手工diy工作室,￥129
YOUNG·S手作生活馆,￥148
玩玩蜡Candle Handle蜡烛•调香 工作室,￥235
纯白手作DIY·银饰·开蚌·团建,￥95
圆圈圈手作工作室(宝山万达店),￥107
VB金工制造局·珠宝定制·银饰DIY·情侣约会(大学路店...,￥301
Ch2次方首饰艺术工作室(静安寺店),￥243
旅猫日志·猫咖私人影院,￥104
超级妈妈BIG MAMA'S HOUSE,￥135
如一工社团建·DIY银饰·陶艺·tufting(徐汇天平路店),￥124
PUPA艺术空间,暂无价格
HOWOW D2Y(环球港店),￥290
玄工坊Tufting毛线·石膏彩绘·流体熊·团建,￥151
一杠商店·文创艺术T恤·定制DIY(中山公园龙之梦店),￥100
匠人阿瑶·银饰·陶艺·DIY手工活动团建(汇智广场店),￥174
Ms.Sue秘术工匠银饰DIY(瑞虹天地太阳宫店),￥278
PonPon朋朋烘焙DIY蛋糕团建,￥204
禾以文创·手作|礼品,￥257
Σ Age 銀世代·DIY银饰·串珠·情侣,￥165
碎银几两·手工DIY银饰(上海店),￥188
魔沪小森林DIY手作馆(青浦万达茂店),￥67
焙朵diy私房烘焙工作室(焙朵烘焙体验中心),￥77
艺+造物社工作室陶艺·银饰·开蚌diy团建活动,￥103
Thanks No Thanks·手工·团建·派对,￥192
大鸭DIY手工坊·团建·软陶·烘焙·八音盒·多肉,￥119
不正经造物社·陶艺·银饰·DIY团建,￥136
KS·炼金秘所·珠宝首饰·银饰DIY·定制·约会(上图店...,￥259
玖月初手作艺术生活馆(七宝宝龙店),￥184
趣玩DIY手作·陶艺·银饰·Tufting,￥107
做点什么艺术手作·银饰·团建,￥196
7's cake 烘焙DIY·团建活动(巨鹿路店),￥199
呆呆DIY银饰·陶艺·奶油胶·团建(松江大学城店),￥181
玩泥巴的人儿(巨鹿路店),￥156
Ms.Sue秘术工匠银饰DIY(长宁来福士店),￥269
鹿王兮·Tufting陶艺·团建集合店(五角场店),￥204
巧克巧蔻·巧克力博物馆,￥99
陶牧居·DIY手作·团建(嘉定新城店),￥157
山矾手作艺术工作室,￥300
悦己手作·石膏娃娃·奶油胶·拼豆,￥39
烬·烧玻璃diy灯工玻璃艺术工作室,￥262
Ms·Shen陶艺DIY STUDIO(滴水湖店),￥137
悦夏DIY·银饰·珍珠开蚌手工馆(人民广场店),￥66
As u Wish陶艺·油画达人馆(静安寺店),￥160
之楽•Zenlous(陕西南路店),￥236
me to two 作饰·团建·二次元·手作DIY(浦东天物店),￥188
新美藤科技艺术DIY工坊,￥32
33Days studio Tufting毛线·手工DIY团建,￥181
拾光屿你·tufting·银饰陶艺团建馆,￥59
作梦艺术工作室,￥67
釉子器味,￥117
大卫陶艺DIY·手工坊,￥143
森鱼工坊·千弗画室·首饰DIY银饰国画敦煌团建,￥168
值得甜点 Deserve Dessert,￥73
两支手作·礼品·团建(智翔路店),￥54
十万克拉DIY CLUB手工创意生活馆,￥124
恰好DIY手作·Tufting·银饰·捏捏乐(上海火车站店),￥132
231Two叁One艺术工坊·团建·tufting·肌理画(東西公...,￥240
C2C DIY烘焙工坊(武康路店),￥106
sodacsodac香氛工作室,￥297
厘尔女红屋·非遗DIY团建·手工刺绣布艺教学工作室,￥141
Lois Art(思南店),￥280
凸里凸外Tufting毛线·银饰·流体熊Diy,￥176
BARTENDER调酒教室,￥213
tufting毛线工作室(五角场店),￥154
me to two 作饰·团建·二次元·手作DIY(静安大悦城店...,￥190
蔷薇森林|油画·手作DIY·团建,￥140
朱小甜DIY烘焙店,暂无价格
DIY手工车间,￥68
213DIY工坊·tufting·银饰戒指·流体熊,￥156
知意工坊·DIY银饰·花丝镶嵌,暂无价格
杂念·手工皮具DIY,￥1040
艺甜一品DIY蛋糕·甜品茶歇 团建定制,￥188
RESTE STUDIO(淮海中华大厦店),￥156
乐玩陶艺·油画·银饰·团建(郭守敬路长泰广场店),￥114
木知木觉木工坊,￥128
Ok手作·银饰戒指DIY·陶艺集合店,￥179
Bunny cake.DIY烘焙馆(听潮南路店),￥217
恰好·银饰·Tufting·捏捏团建DIY(巨鹿路店),￥153
是良匠手工艺术(嘉善路店),￥156
珍得巧克力剧院,￥174
植物商店PLANT SHOP花艺工作室,￥208
叙室narratus 气味设计,￥515
不二陶社(静安大悦城店),￥222
Hello7银饰研习室(武康大楼店),￥208
匠人阿瑶银饰·陶艺·DIY手工活动团建(川沙店),￥152
Art Bro陶艺·油画工作室,￥162
乐好玩DIY蛋糕烘焙·团建·甜品台(徐家汇店),￥205
森林无限公司(瑞虹天地太阳宫店),暂无价格
十八字金·银饰·开蚌DIY·手作体验团建(静安大悦城店...,￥174
Enjoy Diy悦享手作(周浦万达店),￥193
AURORA BOREALIS极光自然工作室,￥345
原宇宙游戏部 ps5·switch·diy小屋(环球港店),￥92
造物司南美术陶艺手工体验馆(金铭福邸店),￥144
me to two 作饰·团建·二次元·手作DIY(环球港店),￥178
集雅GATHERING手作(乌鲁木齐中路店),￥621
捕梦人的后花园,￥187
Virid·翠·香薰蜡烛專門店,￥288
嘟嘟熊DIY·tufting·流体暴力熊(古方路店),￥272
喜乐制作所·烘焙·手作·DIY团建,￥140
简乐DIY陶艺·tufting·团建(徐汇店),￥111
易乐木艺DIY木工·琉璃·银饰(徐汇店),￥155
贤窑陶艺(青溪古镇店),￥99
Diy手工编织,￥79
皿陶手作空间·陶艺·团建·diy手工,￥134
夕·趣手作(曹路花园城店),￥55
不孤独的根号喵·撸猫·桌游·手工diy,￥76
万物想·银饰Tufting·公司团建(大悦城店),￥194
椿野·油画·陶艺·手作,￥127
艺空间-零基础DIY油画,￥172
可见光玻璃艺术工作室,￥1140
玖月初手作艺术生活馆(南方百联店),￥179
森活木趣Wooderful life(前滩太古里店),￥334
1319陶艺体验中心·银饰·珐琅·手工DIY团建活动(顾村...,￥88
iYoo爱油画·吧(静安大悦城店),￥194
VB金工制造局·珠宝首饰·银饰DIY·定制约会(百脑汇店...,￥281
AGFT·珐琅·马赛克灯·Tufting集合DIY团建(长宁店),￥179
AGFT·珐琅·马赛克灯·Tufting集合DIY团建(浦东店),￥217
DIY棋牌桌游馆(川沙绿地店),￥59
Glint手作工作室,￥128
夕·趣手作,￥100
祝余·古法香道diy·文化空间,暂无价格
费氏工坊,暂无价格
初见泥好·陶艺·珍珠开蚌·团建(嘉定印象城店),￥128
HeyJewel全球独立设计师原创首饰集合店,￥7750
私享家DIY蛋糕烘焙手作(大学路五角场店),￥180
三寸·银泥·银条·银饰DIY(南京路店),￥238
iCake  DIY蛋糕烘焙·团建,￥154
芸香堂熏风馆,￥170
我嘉文创馆·忆空间,￥128
友爱友人烘焙蛋糕DIY团建,￥179
壹陸捌捌手作甜品 ·1688 Handmade Patisserie,￥81
毛手毛脚 Tufting·流体暴力熊·手工DIY·团建(徐家汇...,￥252
Summer House夏莫手工坊团建活动(世博源店),￥188
此处禁止不开心·大猫小狗·撸猫·奶油胶DIY手作,￥125
Summer House夏莫手工坊团建活动(南京西路店),￥179
疗愈星球·专业芳香·颂钵解压放松,￥158
宋李·魔法手作工坊·串珠·潮玩爆改·奶油胶·团建(...,￥89
十八字金·开蚌·银饰DIY·手作体验团建(蟠龙天地店),￥182
上海市嘉定艺源非遗手工艺术传承中心,暂无价格
彩蛋DIY创意零基础绘画体验工作室(金山店),￥107
swag workshop手工银饰DIY工作室(华山路店),￥240
DayDream Studio 手创定制·团建生活馆(八佰伴店),￥190
合川艺术陶艺版画手作团建,￥145
No.24法式刺绣工坊,￥301
理查德的diy蛋糕烘焙花园,￥191
郑太太烘焙蛋糕DIY团建体验馆,￥173
魔鲸手工串珠·编绳,￥202
牵缘DIY巧克力工坊(庙前街店),￥76
饮见·威士忌调酒学院(瑞金二路店),暂无价格
一禾一念DIY手工·土耳其马赛克灯·创意手作团建集合,￥232
派π 烘培DIY,￥126
土人陶艺/蛋糕烘焙/手工乐园·团建(大学路店),￥160
手工编绳(百米香榭商业街店),￥79
趣味萌手工坊·DIY蛋糕·甜品·团建,￥188
一克炼金室·银饰DIY専門店(豫园店),￥133
初恋日记烘焙屋DIY蛋糕手工坊(浦东塘桥店),￥221
秋刀鱼模玩俱乐部,￥125
友趣FRIENDS ARTSPACE油画DIY(淮海路IAPM店),￥152
F studio·Tufting·毛线DIY工作室,￥238
本植花艺美学生活馆,￥98
4U蛋糕Diy烘焙(五角场大学路店),￥181
私享家DIY蛋糕烘焙手作(安亭店),￥237
BOTTLE植物创意生活馆(大悦城店),￥255
花细草手创,￥135
一克炼金室·银饰DIY専門店(静安寺店),￥153
汀柯香薰蜡艺·手工皂工作室,￥196
好好cafe,￥57
博学·奶油工坊·创意手作·团建生日会,￥122
爆米花手作·银饰·调香·tufting团建,暂无价格
不累龙猫公司,￥115
恩霓diy烘焙小镇(绿地翡翠店),暂无价格
锦煜珠宝DIY·珍珠手作(七宝宝龙城店),￥173
七点自造DIY烘焙(嘉定店),￥126
顽石小憩&乐土陶艺(锦秋新天地店),￥88
馍馍熊·团建·手作·DIY,￥149
提香FLORIST·花艺气球派对布置(黄浦店),￥219
半糖芝士·DIY蛋糕烘焙·团建(第一百货店),￥208
AGFT·调香·马赛克灯DIY·珐琅集合团建(黄浦店),￥144
老朱手工坊,暂无价格
无忧阁珍珠开蚌·银饰DIY·团建,￥141
懂小喵手工杂货铺,暂无价格
Bon Parfumeur·柏氛/知调调香室,￥387
囍甜·蛋糕·DIY(金山万达店),￥63
金生烘焙DIY蛋糕定制·团建活动·气球派对·策划布置(...,￥130
趣画趣陶艺术,￥134
观陶学堂·陶艺·团建·展览,￥140
半山手作陶瓷集合店,￥122
乐窑陶艺美创馆(浦东禹悦汇店),￥124
马莱传统弓道馆(淮海中路店),￥174
吾喜造物DIY手作坊,暂无价格
得丘礼享谷文创园,￥69
纸箱王瓦楞纸乐园(丽宝乐园店),￥65
黑镜·艺术疗愈室·油画香氛,￥160
SAYONE陶瓷手作店,￥266
鲤西西创意礼物·手作DIY,暂无价格
艺焙坊 Artyzen Bakery,￥78
味社厨艺烘焙培训中心 Tascovery,￥2190
爱创小屋剧本杀桌游DIY,暂无价格
Eric&Tina 巧克力解忧杂货铺,￥99
SANMUFLOWER三木花佃(恒生万鹂广场店),￥221
十八字金·银饰·开蚌DIY·手作体验团建(芮欧百货店),￥193
元祖梦世界,暂无价格
如果·追梦手工皮具DIY教学店·工作室空间(安亭新镇店...,￥961
喜加德·陶艺工坊,￥159
宇智艺术空间|tufting|玻璃|团建(武康大楼店),￥230
朵卯卯Peekaboo Flora,￥226
十八字金·开蚌·银饰手工DIY(博荟广场店),￥177
木棉花开创意工坊,暂无价格
三喵撸猫馆(古棕路店),￥27
ARTIST大艺术家零基础油画(黄浦店),￥155
Nomad 小院咖啡,￥47
去野,￥124
甜星cake·蛋糕DIY烘焙(文汇路店),￥25
浮生遇到你(上海长宁店),￥84
POPCAT泡泡喵美学馆,暂无价格
Bingo Mini进击的人类幼崽·沉浸式亲子戏剧乐园(上海...,￥213
玩真阁文玩手工编绳串珠(万达广场店),￥598
PROJECT ELEMENT创意沙龙香氛,￥346
龙锦结·道法手工编绳(嘉亭荟店),￥1452
森与田农园·都市隐农生活体验中心·菜园认领·亲子自...,￥98
悦卿嵩手工教室,￥20
陶艺|油画|手办才发现工作室,￥130
普天同秤民艺馆,￥207
Sweet Meet DIY永生花店(淮海路店),￥137
文会映·宋府,￥219
布土文创·SPACE,￥107
文山·手作甜汤,￥16
精灵部落·森林露营·亲子营地,￥271
星空画室 Star Studio,￥102
Ace Studio球拍服务工作室,￥168
3D-JP拼图(虹桥天地店),￥219
DIY棋牌桌游馆(川沙老街店),￥39
釉甜·蓝风车私房蛋糕·DIY(美谷美购店),￥73
绿山蔷 GREEN GABLE,￥210
禅光竹房茶舍(浦江革新村店),￥166
野沪茶事·DIY团建·下午茶·烘焙蛋糕,￥72
龙锦结·道法手工编绳(凯德闵行店),￥171
Ineffable Meeting(觅町手工烘焙),￥42
爱宠游乐园PawCity,￥221
萌太奇宠物天地(世博源店),￥118
MINI MARS KIDS CLUB亲子家庭中心(长宁天山店),￥323
田心农创市集,￥53
彩虹糖蛋糕DIY茶歇甜品桌定制,￥126
溪婉笙歌汉服·茶歇·手作·团建,￥355
智慧陶陶艺体验中心(智慧湾店),￥108
Art-M阿特麦文化创意产业园,￥148
福布丝工作室,暂无价格
RESEE CANDLE烛见香薰调香工作室,暂无价格
龙锦结·道法手工编绳(静安大融城店),￥1146
晶妍云间·手作·团建·沙龙,￥116
安然工坊陶修,￥120
Paw&Tail宠物生活馆(国华店),￥143
太阳岛小小牧场,￥191
COFFEE CHERRY,￥45
宋明客厅(蟠龙天地店),￥144
仰望星空·天文宇宙观星,￥180
the Roll'ING手作瑞士卷专门店(上海首店),￥46
芳籍Liste d'Arome调香所,￥194
锦煜珠宝DIY·珍珠开蚌·团建活动(上海万达广场店),￥242
猪小姐烘焙屋,￥180
超能蔬菜农场,￥128
牵绳记·手工编绳(中庚漫游城店),￥560
六号金饰黄金加工珠宝打金店工作室,￥1269
水云涧·手工编绳·珠宝首饰,￥150
流梳手工绳艺坊,￥40
Fullmoon满月塔罗·心理疗愈工作室(江场西路店),￥215
牵绳记·手工编绳(上海环宇城MAX店),￥929
玉器手工编绳古玩店,￥67
一芽一葉(朱家角店),￥43
HomeClassroom烘焙料理(外滩店),￥1483
阿狗手打·手作,￥10
阿嬷手作·珍藏(上海新天地店),￥30
景迈森林(古华园店),￥66
结绳艺·米璆琳·DIY手工编绳(打浦桥.宝鼎大厦店),￥286
Hug禾果·手作烘焙(印象城店),￥58
YUAI余爱手作,￥9337
MoMo花园萌宠互动亲子乐园(芳甸店),￥137
KNOWIN潮流实验室(TX淮海店),￥2128
君之狮子山手作铺(万科天空之城店),￥30
东窑陶艺总店,￥128
系绳坊·手工编绳(南京东路店),￥237
八十八亩田·叶榭软糕(泰晤士店),￥61
宿於亲子游别墅度假村,￥388
木紫花道,￥199
除七Oneseventh宠物蛋糕烘焙DIY,￥201
快乐众共享农场(青浦店),￥100
梦斛轩花园茶室·团建活动·围炉冰茶·品茶,￥135
Bufftime·坦木城市营地·咖啡·屋顶花园,￥59
九木杂物社(上海奉贤龙湖天街店),￥79
Riotlily艾特里里(七宝领展广场店),￥746
Yue·悦(万达广场8号写字楼店),￥121
九木杂物社(九亭金地广场店),￥90
Bonus Club棋牌会所,￥36
苓苑共享茶空间·茶室(红星美凯龙店),￥64
九木杂物社(金虹桥商场店),￥63
大堂吧(上海滴水湖洲际酒店),￥105
嘻瓜吉他·音乐舍(金山店),暂无价格
MO师傅正骨推拿(静安寺店),￥195
山喜之·茶作(联洋广场店),￥20
巴黎贝甜(丰尚国际店),￥55
上海燕子打金店(通河分店),￥3714
圣医堂·专注肩颈痛症调理(徐家汇店),￥353
JK制服潮玩手作(上海大悦城北座店),暂无价格
一树家蛋糕·甜品商务茶歇(虹桥阿里店),￥109
幸福嘉农场餐厅(嘉北郊野公园店),￥93
九木杂物社(环宇荟店),￥79
一善·妙手堂中医经络调理中心,￥296
阿嬷手作(上海港汇恒隆广场店),￥31
SkinYu韩国科技皮肤管理(泥城店),￥118
APCOFFEE咖啡(云间路店),￥20
熠宠园·撸猫·寄养·侏儒羊猫咖乐园,￥106
Art Lab儿童创造乐园(南洋1931店),￥213
元大劉氏理療(五角场万达店),￥181
Riotlily艾特里里(世纪汇店),￥708
Riotlily艾特里里(兴业太古汇店),￥2988
巴黎贝甜(临港万达店),￥86
青臣刺青工作室,￥143
茉离宠物店,￥155
太阳岛亲子探索乐源,暂无价格
玩在一企团建·年会·旅行定制(宝山店),￥167
九州书院·古琴围棋书法,￥3019
正阳门推拿艾灸SPA(打浦桥店),￥176
Annata Vintage,￥1617
君之狮子山手作铺(松江印象城店),￥26
趴趴轰PaPaHome·奢华别墅轰趴(叙南公馆店),￥220
九木杂物社(晶耀前滩店),￥52
美上美学·美术培训(陆家嘴校区),￥61
润元堂正骨推拿艾灸,￥155
大头家·宠物蛋糕·手工零食·宠物鲜食,￥23
趴趴轰PaPaHome·奢华别墅轰趴·圆舞曲,￥255
巧禾农场·亲子活动·团建农家乐,￥182
巴黎贝甜(宝山龙湖店),￥58
A MOON 宠物馆(星河湾店),￥248
蘭派·别墅派对轰趴馆(Downtown人民广场店),￥515
牧白手作(徐汇绿地缤纷汇店),￥18
柚子(金山百联店),￥310
推小艾·推拿艾灸足疗(日月光店),￥138
清工坊·压金丝嵌宝·玉雕·金工手工坊,暂无价格
Alimentari Favola手工披萨和意面(迪士尼小镇店),￥133
九木杂物社(中环百联购物中心店),￥68
MINI MARS KIDS CLUB亲子家庭中心(蟠龙天地店),￥307
绛梣Tea &Coffee(金山万达店),￥24
CatCay撸猫·下午茶·Tufting毛线画·潮玩手作DIY(人...,￥92
巴黎贝甜(龙湖闵行天街店),￥74
有方田野·共享农场·菜园·露营·亲子研学(暮谷店),暂无价格
龙锦结·道法手工编绳(合生汇店),￥857
花之韵·轻简美肤·量肤抗衰管理,￥173
九木杂物社(宝山经纬汇店),￥74
趴趴轰PaPaHome·生日派对·团建聚会·轰趴(北外滩店),￥245
榴小汐品质千层蛋糕(上海惠南店),￥101
主调花艺Little Master(张江朗诗店),￥321
星座咖啡(文汇路店),￥30
破店肥哈·海鲜·烧烤(虹桥天街店),￥112
ROMA,￥218
炮炮兵探险乐园(金山无人机基地店),暂无价格
LAN COFFEE 蓝·咖啡,￥21
鹿石画室|美院系统教学(嘉定新城店),￥2235
MELAND CLUB(虹桥万象城店),￥276
三月花田(州桥老街店),￥192
夭夭手作·新中式文玩·国潮,暂无价格
花喜物花店·Floral Fā Fā 香薰蜡烛手作DIY·气球派...,￥227
遇叁楼Gin·Cocktail(松江万达店),￥111
蟹上黄·蟹黄面(南京东路店),￥102
网鱼网咖(奉贤海旗路店),￥33
青岚会馆·棋牌·咖啡·餐饮,￥44
丌·SPACE派空间轰趴·团建生日派对(星游城店),￥192
羿庭(外滩华尔道夫酒店),￥207
THE NEST(外滩店),￥490
龙锦结·道法手工编绳(长宁龙之梦店),￥431
百万石全日餐厅,￥227
洛糖集合店·咖啡·面包·蛋糕·甜品(吾悦店),￥98
喜绳阁美甲美发(海尚墅林苑店),暂无价格
乐稻营·烧烤·团建·cs,￥122
网鱼网咖(松江仓汇店),￥37
芳芳手工编织,暂无价格
洛舒轩经络减肥(蓝村店),￥236
EAGO FLOWER 艺阁花坊(阿克苏路店),￥136
诡谷·沉浸式侦探演绎剧本杀推理馆(人民广场店),￥151
和睦家手工小食,￥24
Riotlily艾特里里(华润时代广场店),￥574
吉绳饰 手工编绳 培训,暂无价格
趴趴轰PaPaHome·奢华别墅轰趴(轻奢欧式宫廷店),￥386
九木杂物社(长泰广场店),￥114
Riotlily艾特里里(久光百货店),暂无价格
橙子公司团建·射箭保龄球·露营蹦床卡丁车(长宁店),暂无价格
泽元柒茶茶馆,￥69
山岛,￥133
礼想花园 MISSWHO(上海香溢店),￥315
MINI MARS KIDS CLUB亲子家庭中心(静安江宁路店),￥333
GoPlay趣玩团建拓展·年会·跑男(静安店),￥272
D·K Yogurt Bar·朵拉手工希腊酸奶,￥31
TeJU X HC甜品(华山路777号店),￥22
丁记纯手工水饺馄饨烧卖,暂无价格
中华食味手工面馆,暂无价格
寇依养生减肥(宝龙店),暂无价格
湖南手工米粉,暂无价格
潮庐·潮汕卤味·手工点心(定西路店),￥37
悦莉佳·皮肤管理美学中心(南京西路店),暂无价格
七色莹香美甲美睫,￥165
陆鹿手工水饺馄饨,暂无价格
王妈手工包子铺(盛世馨园店),暂无价格
私房手工鲜饺(汇福·大玥城店),暂无价格
COSTA COFFEE(外高桥啡速店),￥36
噗噗魔法屋·diy银饰·流麻·私人定制·团建,￥133
网鱼网咖(闵行航东路店),￥43
琦蛋·手帐手作团建diy体验馆,暂无价格
肤智美丽工厂(金沙江路店),￥274
大福手工水饺,暂无价格
布莱德·纯手工包子,暂无价格
手工水饺(灵石路店),￥14
MO师傅正骨推拿(长寿路店),暂无价格
蘭穆香手工牛肉面,￥16
派勒极披萨(南翔廿肆店),￥69
蘭穆香面條手工牛肉面,暂无价格
祝嘉香境,暂无价格
旬觅寿司刺身(三文鱼·海鲜·南桥店),￥15
问西东手工凉皮,暂无价格
手工红烧牛肉面(秋岚路店),￥27
盒锦记喜糖·喜礼·伴手礼工作室,￥1168
秦川功夫·手工凉皮·肉夹馍,暂无价格
山东手工水饺(西部名都花园店),￥25
手工兰州牛肉面,暂无价格
C.A.P.COFFEE,￥31
牧白手作,暂无价格
勇享车汽车美容(杨浦店),￥121
MOGUSAY 灵魂植物所,￥297
长安亭院鲜果手作,暂无价格
帝娜朵拉(上海奉贤路店),￥30
KILE 美甲公司(长宁Art Park大融城店),￥227
QL撸奶猫奶狗·手作DIY·猫狗专售,￥151
巴比馒头(手工牛肉大包光宾路店),￥6
名东古早味现烤手工蛋糕,￥28
牛肉手工丸子面,暂无价格
LUNA肌肤抗衰小颜整骨美容管理中心(静安店),￥587
齐缘公主殿下美甲小铺,暂无价格
阿嬷手作,暂无价格
德意克·中国汉堡(川沙店),￥26
手作热狗,暂无价格
高凡Gfan·咖啡·刨冰·轻食(永嘉路店),￥27
巴黎贝甜(泗泾店),￥48
网鱼网咖(松江泗泾公园店),暂无价格
荟和堂中医推拿,￥183
璟宝自然艺术空间,暂无价格
馄饨王千里香手工馄饨水饺,暂无价格
皖北正宗手工小龙包店,暂无价格
君相堂·寒湿酸痛调理中心,￥282
點满籠手工点心·潮茶(久光中心店),￥94
麦琪手作面包(建华铂中环·金坊店),暂无价格
熊猫手作汉堡,暂无价格
黄焖鸡米饭山东手工水饺,暂无价格
芋艺·手作芋圆·甜品,￥24
红烧牛肉面(永丰路店),￥28
纯手工凉皮,暂无价格
花吴季,暂无价格
大益茶·宿心SPACE,￥108
巴比手工牛肉大包,暂无价格
俏修堂总部·徒手点穴减肥养生(徐家汇店),暂无价格
纯手工面皮,暂无价格
乐山手工炸串,暂无价格
一棵树花艺手工工作室(肇嘉浜路店),暂无价格
麦鲜手工鲜面店,暂无价格
DQ·蛋糕·冰淇淋(手工定制蛋糕店),￥27
聚脊中医·颈肩腰疼痛·推拿正骨,￥99
LEISURE·闲乐·手作酸奶,暂无价格
陕老板·陕西手工面,暂无价格
AUG4银饰DIY手作坊(开元地中海商业广场店),￥221
德克牛仔手作牛肉汉堡(古北财富中心店),暂无价格
颜轻·毛孔清洁·肩颈放松·集合中心,￥224
遇家人面馆(方舟休闲广场店),￥16
CC解馋手工炸鸡,暂无价格
lina日式美甲美睫工作室,￥130
岐伯上工馆推拿艾灸SPA,暂无价格
千枝繁美甲工作室,暂无价格
陕大宽陕西手工面,暂无价格
藏象阁·推拿调理养生,暂无价格
giordano ladies(港汇广场店),￥599
薇祺女子养护中心,￥1609
小满手工粉(松江鹿都商业广场店),暂无价格
Leona 意式手工冰淇淋(龙之梦店),￥38
司也手作和菓子(打浦桥日月光店),暂无价格
手工汤圆·馄饨·水饺,￥42
蔡菜台湾手工面线(人民广场店),￥38
闇黑纪元(新沪路店),￥82
又见小河浜·盐帮川菜(仓汇路店),￥86
强盛电脑维修回收(浦东店),暂无价格
柴丁·手作黑糖珍珠奶茶(江桥万达金街店),暂无价格
大拇指手工炸串,暂无价格
巴比手工鲜肉包,暂无价格
巴比手工牛肉大包(亨诺人才公寓店),暂无价格
山西手工面,暂无价格
兄弟烧烤个性DIY(韩村路店),￥66
河南手工水饺(赵重公路店),暂无价格
莫拉·帝手工定制蛋糕(普陀店),￥45
妙指堂·徒手点穴减肥(中山公园店),暂无价格
Gu Butcher's牛肉,暂无价格
心素·简素,￥38
幺妹手作·土豆泥盖饭(环球港店),暂无价格
阿狗手打手作黑糖珍珠奶茶,暂无价格
河南烩面手工制作,暂无价格
纯手工现场制作蚕丝被,暂无价格
iceason爱茜茜里·意大利手工冰淇淋(虹桥天街店),暂无价格
云禾锦·匠心手作(魔都首店),暂无价格
炮炮兵探险学院(长风公园店),￥142
舒心堂SPA,￥398
传奇大亨咖啡(上海首店),￥9
十里拾光银饰DIY工作室,￥257
印象江南我嘉文创体验馆,￥95
BARNCOOK手工披萨(云间粮仓店),￥69
TeJU Bar X HC 甜品,￥137
404藝術手作館·人体彩绘·Tufting·流体熊,￥68
缇小贝烘焙学园(万立城店),￥94
LAI SPACE 来愈艺术·tufting亲子绘画,暂无价格
拾光里手工DIY·团建派对定制·珍珠开蚌·香水(新场古...,暂无价格
质朴造物·陶艺·香氛工作室(八佰伴店),￥132
八十八亩田·蘑法森林乐园,暂无价格
牵绳记·手工编绳(港汇恒隆广场店),暂无价格
ART101(万科天空之城店),￥346
阿嬷手作(上海国金中心店),￥31
MONTBLANC(上海第一八佰伴新世纪商厦),￥4687
宝珠奶酪(青浦蟠龙天地店),￥27
a.y手工营地·tufting ·流体熊·奶油胶,￥94
除七Oneseventh宠物餐厅·宠物蛋糕烘焙(浦东店),￥157
超有趣研究所·DIY·团建·礼品,￥123
蘑幻森林,￥217
拾野植物艺术,￥110
青青夏阳禾生态园,暂无价格
ALAIA MODERN IZAKAYA(江湾里店),￥121
Mammamia意大利餐厅(古北店),￥130
BLOCK Z热力街区篮球·羽毛球·健身房,￥360
仙渡青丘·团建·生日派对·煮茶(迪士尼店),￥226
奇萌萌喜糖·喜铺·伴手礼定制工作室,￥6979
舔勺!SPOOOON(永康路店),￥47
理想调香室(上海店),￥174
茶筵社.创业开店茶道茶艺师培训(长宁校区),暂无价格
AI艾耳·手穿耳洞设计护理美学馆(宝山万达店),￥274
哈哈农场采摘·亲子·团建(松江广富林郊野公园店),￥151
幻境·阡陌云间Glampin露营·团建拓展,￥230
The Lotus Spa莲芯养生,￥299
牵绳记·手工编绳(宝山天街店),￥274
乐稻心田·亲子农场·团建营地,￥122
宜度空间网咖·台球(菊太路店),￥35
Dingou sports bar,￥97
LAI café&bar,￥54
玲珑骰子推拿灸疗养生(临港店),￥140
伐木累团建·卡丁车CS蹦床室内趣味拓展(军工路店),￥245
杂物社(嘉定新城中信泰富万达广场店),￥88
上海陳师傅打金黄金珠宝加工定制回收,￥1120
AI艾耳·专业打耳洞·手工穿孔耳饰美学馆(五角场店),￥230
裕莲茶楼(浦东嘉里城店),￥43
YUMM团建·轰趴·露营·烧烤,￥262
林间烟火团建烧烤露营基地,￥183
郁小喵homeparty弈猫咖·撸猫馆(松江万达店),￥66
查理卓别林Charlie Chaplin Bar,￥122
完妍·Perfect Your Face皮肤管理(嘉定店),￥668
淀山湖水上运动乐营团建基地,￥203
小象花园Elephant Flora,￥293
k·ala桉树叶酒吧·DIY(玫瑰坊店),￥76
牵绳记·手工编绳(大宁久光中心店),￥734
九木杂物社(上海新世界城店),￥67
烤包子咖啡屋,￥66
一花一世界(惠南店),￥297
八十八亩田·团建聚会·生日·民宿,￥176
三年二班桌游轰趴俱乐部(人民广场店),￥68
香居手作·板前和牛汉堡(嘉定宝龙广场店),￥43
Riotlily艾特里里(虹桥天地店),￥759
阿嬷手作(上海长宁来福士店),￥29
Let'Ski 滑雪趣室内滑雪空间(佘山店),暂无价格
绿生沅农庄·户外拓展基地,￥159
KUMO KUMO(虹桥天地店),￥45
OKRA Jewelry手工饰品,￥898
三林网红汤团,￥32
伐木累团建·室内主题趣味拓展基地(宝山店),￥238
司也手作烧物(蟠龙天地店),￥24
上海康桥万豪酒店The Lounge大堂酒廊,￥101
玖月花艺鲜花,￥322
仲正堂推拿艾灸(大连路店),￥209
速哇3D摄影·真人手办(上海闵行店),￥199
艾·SPA足浴采耳养生,￥227
华茶馆(滴水湖店),￥106
花喜里flower(江浦公园店),￥95
Dan Studios 手工饰品(湖南别墅店),￥193
J.LINDEBERG(佛罗伦萨店),￥3252
迪士尼乐享家,￥370
御舌匠DIY烤肉&火锅(周浦万达店),￥40
幻境·辰山蚂蚁Glamping露营·团建(辰山植物园店),￥154
九木杂物社(星游城店),￥79
网鱼网咖·vision pro(黄浦人民公园店),￥51
立康堂中医推拿·正骨·艾灸(徐汇店),￥219
乐活营地(奉贤店),￥365
幻境·森屿Glamping露营·团建拓展,￥220
网鱼网咖(浦东沈梅东路店),￥31
the Roll'ING手作瑞士卷专门店(上海人广来福士店),￥44
Chop Chop 洽噗·泰餐吧 Thai Bistro,￥168
网鱼网咖(浦东临港新天地店),￥45
秋弥Akiya beaute(传悦坊店),￥624
WINNER超集派对空间·桌游·DIY·生日会,￥98
良易灸道·推拿艾灸养生馆(桃源π商业广场店),￥201
秘屿·野奢林境,￥176
酒精當铺WHISKY COCKTAIL,￥124
魅·高端轰趴派对(佘山店),￥350
航觅Transfind(运动LOFT3街区店),￥113
J.LINDEBERG(比斯特购物村店),￥4238
九木杂物社(世纪汇广场店),￥65
九木杂物社(万科天空之城店),￥41
裕莲茶楼(维璟印象城店),￥37
梅显龙艾灸堂·推拿·精油,￥257
DiY造型(报春路店),暂无价格
桔子花屋(松江新城店),￥186
芸野营地·亲子游玩·天幕烧烤野奢露营,￥109
夏沫·别墅派对轰趴馆(青浦店),￥627
Riotlily艾特里里(置汇旭辉广场店),￥556
双美鲜奶手作(上海曹路花园店),￥14
蜻蜓咖啡Dragonfly Coffee(川沙古镇店),￥51
云社露营(张堰镇红豆杉庄店),暂无价格
八十八亩田·叶榭软糕(广富林遗址店),￥53
比萨玛尚诺(天空万科广场店),￥93
Riotlily艾特里里(南翔印象城店),￥720
九木杂物社(七宝万科广场店),￥66
萌萌花坊(新南街店),￥99
COLOR PETS撸猫馆·儿童友好猫咖(南京西路店),￥108
初颜泉碳酸泉头皮护理(长兴岛店),￥155
槿爷东方·原创新中式旗袍礼服定制·西服高级定制(上...,￥2309
土拨鼠俱乐部(苏航店),￥144
爱秀ishow·别墅轰趴派对(泰晤士店),暂无价格
悦墅·派对别墅轰趴馆(佘山店),￥352
半盏青绿·茶馆·咖吧•小酒馆(北虹桥江桥万达店),￥75
千机网·翎杰手机电脑维修中心(上海海阳路店),￥219
点缀银饰手工DIY,暂无价格
申六喜手工汤圆,暂无价格
山东手工水饺(乐业公寓店),￥23
龟时间·木工·玻璃·手作DIY,暂无价格
毛掌门手作大包,暂无价格
小满手工粉(上海浦东机场T2国际店),暂无价格
A-pizza手工现烤披萨(车墩店),暂无价格
十八字金银饰DIY(龙之梦购物中心店),￥246
LULU手工穿戴甲,暂无价格
启源养生,暂无价格
GELATO·意大利手工冰淇淋,暂无价格
阿嬷手作(上海国金中心店),￥31
MONTBLANC(上海第一八佰伴新世纪商厦),￥4687
宝珠奶酪(青浦蟠龙天地店),￥27
a.y手工营地·tufting ·流体熊·奶油胶,￥94
除七Oneseventh宠物餐厅·宠物蛋糕烘焙(浦东店),￥157
超有趣研究所·DIY·团建·礼品,￥123
蘑幻森林,￥217
拾野植物艺术,￥110
青青夏阳禾生态园,暂无价格
ALAIA MODERN IZAKAYA(江湾里店),￥121
Mammamia意大利餐厅(古北店),￥130
BLOCK Z热力街区篮球·羽毛球·健身房,￥360
仙渡青丘·团建·生日派对·煮茶(迪士尼店),￥226
奇萌萌喜糖·喜铺·伴手礼定制工作室,￥6979
舔勺!SPOOOON(永康路店),￥47
理想调香室(上海店),￥174
茶筵社.创业开店茶道茶艺师培训(长宁校区),暂无价格
AI艾耳·手穿耳洞设计护理美学馆(宝山万达店),￥274
哈哈农场采摘·亲子·团建(松江广富林郊野公园店),￥151
幻境·阡陌云间Glampin露营·团建拓展,￥230
The Lotus Spa莲芯养生,￥299
牵绳记·手工编绳(宝山天街店),￥274
乐稻心田·亲子农场·团建营地,￥122
宜度空间网咖·台球(菊太路店),￥35
Dingou sports bar,￥97
LAI café&bar,￥54
玲珑骰子推拿灸疗养生(临港店),￥140
伐木累团建·卡丁车CS蹦床室内趣味拓展(军工路店),￥245
杂物社(嘉定新城中信泰富万达广场店),￥88
上海陳师傅打金黄金珠宝加工定制回收,￥1120
AI艾耳·专业打耳洞·手工穿孔耳饰美学馆(五角场店),￥230
裕莲茶楼(浦东嘉里城店),￥43
YUMM团建·轰趴·露营·烧烤,￥262
林间烟火团建烧烤露营基地,￥183
郁小喵homeparty弈猫咖·撸猫馆(松江万达店),￥66
查理卓别林Charlie Chaplin Bar,￥122
完妍·Perfect Your Face皮肤管理(嘉定店),￥668
淀山湖水上运动乐营团建基地,￥203
小象花园Elephant Flora,￥293
k·ala桉树叶酒吧·DIY(玫瑰坊店),￥76
牵绳记·手工编绳(大宁久光中心店),￥734
九木杂物社(上海新世界城店),￥67
烤包子咖啡屋,￥66
一花一世界(惠南店),￥297
八十八亩田·团建聚会·生日·民宿,￥176
三年二班桌游轰趴俱乐部(人民广场店),￥68
香居手作·板前和牛汉堡(嘉定宝龙广场店),￥43
Riotlily艾特里里(虹桥天地店),￥759
阿嬷手作(上海长宁来福士店),￥29
Let'Ski 滑雪趣室内滑雪空间(佘山店),暂无价格
绿生沅农庄·户外拓展基地,￥159
KUMO KUMO(虹桥天地店),￥45
OKRA Jewelry手工饰品,￥898
三林网红汤团,￥32
伐木累团建·室内主题趣味拓展基地(宝山店),￥238
司也手作烧物(蟠龙天地店),￥24
上海康桥万豪酒店The Lounge大堂酒廊,￥101
玖月花艺鲜花,￥322
仲正堂推拿艾灸(大连路店),￥209
速哇3D摄影·真人手办(上海闵行店),￥199
艾·SPA足浴采耳养生,￥227
华茶馆(滴水湖店),￥106
花喜里flower(江浦公园店),￥95
Dan Studios 手工饰品(湖南别墅店),￥193
J.LINDEBERG(佛罗伦萨店),￥3252
迪士尼乐享家,￥370
御舌匠DIY烤肉&火锅(周浦万达店),￥40
幻境·辰山蚂蚁Glamping露营·团建(辰山植物园店),￥154
九木杂物社(星游城店),￥79
网鱼网咖·vision pro(黄浦人民公园店),￥51
立康堂中医推拿·正骨·艾灸(徐汇店),￥219
乐活营地(奉贤店),￥365
幻境·森屿Glamping露营·团建拓展,￥220
网鱼网咖(浦东沈梅东路店),￥31
the Roll'ING手作瑞士卷专门店(上海人广来福士店),￥44
Chop Chop 洽噗·泰餐吧 Thai Bistro,￥168
网鱼网咖(浦东临港新天地店),￥45
秋弥Akiya beaute(传悦坊店),￥624
WINNER超集派对空间·桌游·DIY·生日会,￥98
良易灸道·推拿艾灸养生馆(桃源π商业广场店),￥201
秘屿·野奢林境,￥176
酒精當铺WHISKY COCKTAIL,￥124
魅·高端轰趴派对(佘山店),￥350
航觅Transfind(运动LOFT3街区店),￥113
J.LINDEBERG(比斯特购物村店),￥4238
九木杂物社(世纪汇广场店),￥65
九木杂物社(万科天空之城店),￥41
裕莲茶楼(维璟印象城店),￥37
梅显龙艾灸堂·推拿·精油,￥257
DiY造型(报春路店),暂无价格
桔子花屋(松江新城店),￥186
芸野营地·亲子游玩·天幕烧烤野奢露营,￥109
夏沫·别墅派对轰趴馆(青浦店),￥627
Riotlily艾特里里(置汇旭辉广场店),￥556
双美鲜奶手作(上海曹路花园店),￥14
蜻蜓咖啡Dragonfly Coffee(川沙古镇店),￥51
云社露营(张堰镇红豆杉庄店),暂无价格
八十八亩田·叶榭软糕(广富林遗址店),￥53
比萨玛尚诺(天空万科广场店),￥93
Riotlily艾特里里(南翔印象城店),￥720
九木杂物社(七宝万科广场店),￥66
萌萌花坊(新南街店),￥99
COLOR PETS撸猫馆·儿童友好猫咖(南京西路店),￥108
初颜泉碳酸泉头皮护理(长兴岛店),￥155
槿爷东方·原创新中式旗袍礼服定制·西服高级定制(上...,￥2309
土拨鼠俱乐部(苏航店),￥144
爱秀ishow·别墅轰趴派对(泰晤士店),暂无价格
悦墅·派对别墅轰趴馆(佘山店),￥352
半盏青绿·茶馆·咖吧•小酒馆(北虹桥江桥万达店),￥75
千机网·翎杰手机电脑维修中心(上海海阳路店),￥219
点缀银饰手工DIY,暂无价格
申六喜手工汤圆,暂无价格
山东手工水饺(乐业公寓店),￥23
龟时间·木工·玻璃·手作DIY,暂无价格
毛掌门手作大包,暂无价格
小满手工粉(上海浦东机场T2国际店),暂无价格
A-pizza手工现烤披萨(车墩店),暂无价格
十八字金银饰DIY(龙之梦购物中心店),￥246
LULU手工穿戴甲,暂无价格
启源养生,暂无价格
GELATO·意大利手工冰淇淋,暂无价格
理想调香室(上海店),￥174
茶筵社.创业开店茶道茶艺师培训(长宁校区),暂无价格
AI艾耳·手穿耳洞设计护理美学馆(宝山万达店),￥274
哈哈农场采摘·亲子·团建(松江广富林郊野公园店),￥151
幻境·阡陌云间Glampin露营·团建拓展,￥230
The Lotus Spa莲芯养生,￥299
牵绳记·手工编绳(宝山天街店),￥274
乐稻心田·亲子农场·团建营地,￥122
宜度空间网咖·台球(菊太路店),￥35
Dingou sports bar,￥97
LAI café&bar,￥54
玲珑骰子推拿灸疗养生(临港店),￥140
伐木累团建·卡丁车CS蹦床室内趣味拓展(军工路店),￥245
杂物社(嘉定新城中信泰富万达广场店),￥88
上海陳师傅打金黄金珠宝加工定制回收,￥1120
AI艾耳·专业打耳洞·手工穿孔耳饰美学馆(五角场店),￥230
裕莲茶楼(浦东嘉里城店),￥43
YUMM团建·轰趴·露营·烧烤,￥262
林间烟火团建烧烤露营基地,￥183
郁小喵homeparty弈猫咖·撸猫馆(松江万达店),￥66
查理卓别林Charlie Chaplin Bar,￥122
完妍·Perfect Your Face皮肤管理(嘉定店),￥668
淀山湖水上运动乐营团建基地,￥203
小象花园Elephant Flora,￥293
k·ala桉树叶酒吧·DIY(玫瑰坊店),￥76
牵绳记·手工编绳(大宁久光中心店),￥734
九木杂物社(上海新世界城店),￥67
烤包子咖啡屋,￥66
一花一世界(惠南店),￥297
八十八亩田·团建聚会·生日·民宿,￥176
三年二班桌游轰趴俱乐部(人民广场店),￥68
香居手作·板前和牛汉堡(嘉定宝龙广场店),￥43
Riotlily艾特里里(虹桥天地店),￥759
阿嬷手作(上海长宁来福士店),￥29
Let'Ski 滑雪趣室内滑雪空间(佘山店),暂无价格
绿生沅农庄·户外拓展基地,￥159
KUMO KUMO(虹桥天地店),￥45
OKRA Jewelry手工饰品,￥898
三林网红汤团,￥32
伐木累团建·室内主题趣味拓展基地(宝山店),￥238
司也手作烧物(蟠龙天地店),￥24
上海康桥万豪酒店The Lounge大堂酒廊,￥101
玖月花艺鲜花,￥322
仲正堂推拿艾灸(大连路店),￥209
速哇3D摄影·真人手办(上海闵行店),￥199
艾·SPA足浴采耳养生,￥227
华茶馆(滴水湖店),￥106
花喜里flower(江浦公园店),￥95
Dan Studios 手工饰品(湖南别墅店),￥193
J.LINDEBERG(佛罗伦萨店),￥3252
迪士尼乐享家,￥370
御舌匠DIY烤肉&火锅(周浦万达店),￥40
幻境·辰山蚂蚁Glamping露营·团建(辰山植物园店),￥154
九木杂物社(星游城店),￥79
网鱼网咖·vision pro(黄浦人民公园店),￥51
立康堂中医推拿·正骨·艾灸(徐汇店),￥219
乐活营地(奉贤店),￥365
幻境·森屿Glamping露营·团建拓展,￥220
网鱼网咖(浦东沈梅东路店),￥31
the Roll'ING手作瑞士卷专门店(上海人广来福士店),￥44
Chop Chop 洽噗·泰餐吧 Thai Bistro,￥168
网鱼网咖(浦东临港新天地店),￥45
秋弥Akiya beaute(传悦坊店),￥624
WINNER超集派对空间·桌游·DIY·生日会,￥98
良易灸道·推拿艾灸养生馆(桃源π商业广场店),￥201
秘屿·野奢林境,￥176
酒精當铺WHISKY COCKTAIL,￥124
魅·高端轰趴派对(佘山店),￥350
航觅Transfind(运动LOFT3街区店),￥113
J.LINDEBERG(比斯特购物村店),￥4238
九木杂物社(世纪汇广场店),￥65
九木杂物社(万科天空之城店),￥41
裕莲茶楼(维璟印象城店),￥37
梅显龙艾灸堂·推拿·精油,￥257
DiY造型(报春路店),暂无价格
桔子花屋(松江新城店),￥186
芸野营地·亲子游玩·天幕烧烤野奢露营,￥109
夏沫·别墅派对轰趴馆(青浦店),￥627
Riotlily艾特里里(置汇旭辉广场店),￥556
双美鲜奶手作(上海曹路花园店),￥14
蜻蜓咖啡Dragonfly Coffee(川沙古镇店),￥51
云社露营(张堰镇红豆杉庄店),暂无价格
八十八亩田·叶榭软糕(广富林遗址店),￥53
比萨玛尚诺(天空万科广场店),￥93
Riotlily艾特里里(南翔印象城店),￥720
九木杂物社(七宝万科广场店),￥66
萌萌花坊(新南街店),￥99
COLOR PETS撸猫馆·儿童友好猫咖(南京西路店),￥108
初颜泉碳酸泉头皮护理(长兴岛店),￥155
槿爷东方·原创新中式旗袍礼服定制·西服高级定制(上...,￥2309
土拨鼠俱乐部(苏航店),￥144
爱秀ishow·别墅轰趴派对(泰晤士店),暂无价格
悦墅·派对别墅轰趴馆(佘山店),￥352
半盏青绿·茶馆·咖吧•小酒馆(北虹桥江桥万达店),￥75
千机网·翎杰手机电脑维修中心(上海海阳路店),￥219
点缀银饰手工DIY,暂无价格
申六喜手工汤圆,暂无价格
山东手工水饺(乐业公寓店),￥23
龟时间·木工·玻璃·手作DIY,暂无价格
毛掌门手作大包,暂无价格
小满手工粉(上海浦东机场T2国际店),暂无价格
A-pizza手工现烤披萨(车墩店),暂无价格
十八字金银饰DIY(龙之梦购物中心店),￥246
LULU手工穿戴甲,暂无价格
启源养生,暂无价格
GELATO·意大利手工冰淇淋,暂无价格
AI艾耳·专业打耳洞·手工穿孔耳饰美学馆(五角场店),￥230
裕莲茶楼(浦东嘉里城店),￥43
YUMM团建·轰趴·露营·烧烤,￥262
林间烟火团建烧烤露营基地,￥183
郁小喵homeparty弈猫咖·撸猫馆(松江万达店),￥66
查理卓别林Charlie Chaplin Bar,￥122
完妍·Perfect Your Face皮肤管理(嘉定店),￥668
淀山湖水上运动乐营团建基地,￥203
小象花园Elephant Flora,￥293
k·ala桉树叶酒吧·DIY(玫瑰坊店),￥76
牵绳记·手工编绳(大宁久光中心店),￥734
九木杂物社(上海新世界城店),￥67
烤包子咖啡屋,￥66
一花一世界(惠南店),￥297
八十八亩田·团建聚会·生日·民宿,￥176
三年二班桌游轰趴俱乐部(人民广场店),￥68
香居手作·板前和牛汉堡(嘉定宝龙广场店),￥43
Riotlily艾特里里(虹桥天地店),￥759
阿嬷手作(上海长宁来福士店),￥29
Let'Ski 滑雪趣室内滑雪空间(佘山店),暂无价格
绿生沅农庄·户外拓展基地,￥159
KUMO KUMO(虹桥天地店),￥45
OKRA Jewelry手工饰品,￥898
三林网红汤团,￥32
伐木累团建·室内主题趣味拓展基地(宝山店),￥238
司也手作烧物(蟠龙天地店),￥24
上海康桥万豪酒店The Lounge大堂酒廊,￥101
玖月花艺鲜花,￥322
仲正堂推拿艾灸(大连路店),￥209
速哇3D摄影·真人手办(上海闵行店),￥199
艾·SPA足浴采耳养生,￥227
华茶馆(滴水湖店),￥106
花喜里flower(江浦公园店),￥95
Dan Studios 手工饰品(湖南别墅店),￥193
J.LINDEBERG(佛罗伦萨店),￥3252
迪士尼乐享家,￥370
御舌匠DIY烤肉&火锅(周浦万达店),￥40
幻境·辰山蚂蚁Glamping露营·团建(辰山植物园店),￥154
九木杂物社(星游城店),￥79
网鱼网咖·vision pro(黄浦人民公园店),￥51
立康堂中医推拿·正骨·艾灸(徐汇店),￥219
乐活营地(奉贤店),￥365
幻境·森屿Glamping露营·团建拓展,￥220
网鱼网咖(浦东沈梅东路店),￥31
the Roll'ING手作瑞士卷专门店(上海人广来福士店),￥44
Chop Chop 洽噗·泰餐吧 Thai Bistro,￥168
网鱼网咖(浦东临港新天地店),￥45
秋弥Akiya beaute(传悦坊店),￥624
WINNER超集派对空间·桌游·DIY·生日会,￥98
良易灸道·推拿艾灸养生馆(桃源π商业广场店),￥201
秘屿·野奢林境,￥176
酒精當铺WHISKY COCKTAIL,￥124
魅·高端轰趴派对(佘山店),￥350
航觅Transfind(运动LOFT3街区店),￥113
J.LINDEBERG(比斯特购物村店),￥4238
九木杂物社(世纪汇广场店),￥65
九木杂物社(万科天空之城店),￥41
裕莲茶楼(维璟印象城店),￥37
梅显龙艾灸堂·推拿·精油,￥257
DiY造型(报春路店),暂无价格
桔子花屋(松江新城店),￥186
芸野营地·亲子游玩·天幕烧烤野奢露营,￥109
夏沫·别墅派对轰趴馆(青浦店),￥627
Riotlily艾特里里(置汇旭辉广场店),￥556
双美鲜奶手作(上海曹路花园店),￥14
蜻蜓咖啡Dragonfly Coffee(川沙古镇店),￥51
云社露营(张堰镇红豆杉庄店),暂无价格
八十八亩田·叶榭软糕(广富林遗址店),￥53
比萨玛尚诺(天空万科广场店),￥93
Riotlily艾特里里(南翔印象城店),￥720
九木杂物社(七宝万科广场店),￥66
萌萌花坊(新南街店),￥99
COLOR PETS撸猫馆·儿童友好猫咖(南京西路店),￥108
初颜泉碳酸泉头皮护理(长兴岛店),￥155
槿爷东方·原创新中式旗袍礼服定制·西服高级定制(上...,￥2309
土拨鼠俱乐部(苏航店),￥144
爱秀ishow·别墅轰趴派对(泰晤士店),暂无价格
悦墅·派对别墅轰趴馆(佘山店),￥352
半盏青绿·茶馆·咖吧•小酒馆(北虹桥江桥万达店),￥75
千机网·翎杰手机电脑维修中心(上海海阳路店),￥219
点缀银饰手工DIY,暂无价格
申六喜手工汤圆,暂无价格
山东手工水饺(乐业公寓店),￥23
龟时间·木工·玻璃·手作DIY,暂无价格
毛掌门手作大包,暂无价格
小满手工粉(上海浦东机场T2国际店),暂无价格
A-pizza手工现烤披萨(车墩店),暂无价格
十八字金银饰DIY(龙之梦购物中心店),￥246
LULU手工穿戴甲,暂无价格
启源养生,暂无价格
GELATO·意大利手工冰淇淋,暂无价格
